{"name":"6030fb39-6bca-4f95-95b7-d5940ca3effa","id":"/providers/Microsoft.Flow/flows/6030fb39-6bca-4f95-95b7-d5940ca3effa","type":"Microsoft.Flow/flows","properties":{"apiId":"/providers/Microsoft.PowerApps/apis/shared_logicflows","displayName":"Meeting reminder - In Teams","definition":{"metadata":{"workflowEntityId":null,"processAdvisorMetadata":null,"flowclientsuspensionreason":"None","flowclientsuspensiontime":null,"creator":{"id":"10acf9ed-be96-4647-8892-143d79aa17fe","type":"User","tenantId":"e8c8d0a4-ec7b-4940-841e-669c54f9954e"},"provisioningMethod":"FromDefinition","failureAlertSubscription":true,"clientLastModifiedTime":"2021-10-27T13:30:31.2885142Z"},"$schema":"https://schema.management.azure.com/providers/Microsoft.Logic/schemas/2016-06-01/workflowdefinition.json#","contentVersion":"1.0.0.0","parameters":{"$connections":{"defaultValue":{},"type":"Object"},"$authentication":{"defaultValue":{},"type":"SecureObject"}},"triggers":{"Recurrence":{"recurrence":{"frequency":"Minute","interval":5},"type":"Recurrence"}},"actions":{"Apply_to_each":{"foreach":"@outputs('Get_calendar_view_of_events_(V3)')?['body/value']","actions":{"Compose_-_horaire_debut_meeting":{"runAfter":{},"type":"Compose","inputs":"@convertTimeZone(items('Apply_to_each')?['start'],'UTC','Romance Standard Time','dd/MM/yyyy HH:mm')"},"Condition_-_si_meeting_dans_10min":{"actions":{"Post_message_in_a_chat_or_channel":{"runAfter":{},"type":"OpenApiConnection","inputs":{"host":{"apiId":"/providers/Microsoft.PowerApps/apis/shared_teams","connectionName":"shared_teams","operationId":"PostMessageToConversation"},"parameters":{"poster":"Flow bot","location":"Chat with Flow bot","body/recipient":"@{variables('varMyEmail')};","body/messageBody":"<p>@{items('Apply_to_each')?['subject']}<br>\n<br>\nTu as un meeting dans moins de 5min</p>\n<ul>\n  <li>Body : &nbsp;@{items('Apply_to_each')?['body']}</li>\n</ul>"},"authentication":"@parameters('$authentication')"}}},"runAfter":{"Compose_-_Minute_difference":["Succeeded"]},"expression":{"and":[{"lessOrEquals":["@outputs('Compose_-_Minute_difference')","@variables('varWarnMeBefore')"]},{"greater":["@outputs('Compose_-_Minute_difference')",0]},{"not":{"equals":["@items('Apply_to_each')?['subject']","Temps de production"]}}]},"type":"If"},"Compose_-_tick_utcNow":{"runAfter":{"Compose_-_horaire_debut_meeting":["Succeeded"]},"type":"Compose","inputs":"@ticks(utcNow())"},"Compose_-_tick_eventStartDate":{"runAfter":{"Compose_-_tick_utcNow":["Succeeded"]},"type":"Compose","inputs":"@ticks(items('Apply_to_each')?['start'])"},"Compose_-_Minute_difference":{"runAfter":{"Compose_-_tick_eventStartDate":["Succeeded"]},"type":"Compose","inputs":"@div(div(mul(sub(outputs('Compose_-_tick_eventStartDate'),outputs('Compose_-_tick_utcNow')),100),1000000000),60)"}},"runAfter":{"Get_calendar_view_of_events_(V3)":["Succeeded"]},"type":"Foreach"},"Get_calendar_view_of_events_(V3)":{"runAfter":{"Compose_-_currentDay_midnight":["Succeeded"]},"type":"OpenApiConnection","inputs":{"host":{"apiId":"/providers/Microsoft.PowerApps/apis/shared_office365","connectionName":"shared_office365","operationId":"GetEventsCalendarViewV3"},"parameters":{"calendarId":"AAMkADY2YjRmMGU0LTU1MDYtNDA3NS04YjdmLTgyOTQ5ODIwNDY4OABGAAAAAAAgGJ2ufo6PRKY1ZY2UMtMqBwAG2EW5zswHRo4122Wnv_24AAAAAAEGAAAG2EW5zswHRo4122Wnv_24AAAAAHIuAAA=","startDateTimeUtc":"@{formatDateTime(utcNow(),'yyyy-MM-dd')}T07:01:00Z","endDateTimeUtc":"@{formatDateTime(utcNow(),'yyyy-MM-dd')}T23:59:00Z"},"authentication":"@parameters('$authentication')"}},"Initialize_variable_-_User_to_notify":{"runAfter":{},"type":"InitializeVariable","inputs":{"variables":[{"name":"varMyEmail","type":"string","value":"jangama@gsf.fr"}]}},"Compose_-_currentDay_midnight":{"runAfter":{"Compose_-_todayDate_as_utc":["Succeeded"]},"type":"Compose","inputs":"@convertTimeZone(formatDateTime(concat(outputs('Compose_-_todayDate_as_utc'), 'T00:00:00Z')),'UTC','Romance Standard Time','yyyy-MM-ddThh:mm:ssZ')"},"Compose_-_todayDate_as_utc":{"runAfter":{"Compose_-_utcNow":["Succeeded"]},"type":"Compose","inputs":"@formatDateTime(utcNow(),'yyyy-MM-dd')"},"Compose_-_utcNow":{"runAfter":{"Initialize_variable_-_Warn_me_before":["Succeeded"]},"type":"Compose","inputs":"@utcNow()"},"Initialize_variable_-_Warn_me_before":{"runAfter":{"Initialize_variable_-_User_to_notify":["Succeeded"]},"type":"InitializeVariable","inputs":{"variables":[{"name":"varWarnMeBefore","type":"integer","value":5}]}}}},"connectionReferences":{"shared_teams":{"connectionName":"shared-teams-b1a627c2-290f-4b75-97e7-4d7b-39c7e792","source":"Embedded","id":"/providers/Microsoft.PowerApps/apis/shared_teams","tier":"NotSpecified"},"shared_office365":{"connectionName":"6092969b893540e4b8b8811016821592","source":"Embedded","id":"/providers/Microsoft.PowerApps/apis/shared_office365","tier":"NotSpecified"}},"flowFailureAlertSubscribed":false}}